{
  "data":[
    {
      "id":1,
      "img":"a_7.png",
      "title":"微信支付",
      "subtitle":"获取鼓励通知",
      "time":"16:57"
    },
    {
      "id":2,
      "img":"3.png",
      "title":"腾讯新闻",
      "subtitle":"白天喝上十杯水才是真正的身体好",
      "time":"16:36"
    },
    {
      "id":3,
      "img":"a_7.png",
      "title":"微信支付",
      "subtitle":"获取鼓励通知123",
      "time":"16:57"
    },
    {
      "id":4,
      "img":"a_7.png",
      "title":"微信支付",
      "subtitle":"获取鼓励通知",
      "time":"16:57"
    },
    {
      "id":5,
      "img":"a_7.png",
      "title":"微信支付",
      "subtitle":"获取鼓励通知",
      "time":"16:57"
    },
    {
      "id":6,
      "img":"a_7.png",
      "title":"微信支付",
      "subtitle":"获取鼓励通知",
      "time":"16:57"
    },
    {
      "id":7,
      "img":"a_7.png",
      "title":"微信支付",
      "subtitle":"获取鼓励通知",
      "time":"16:57"
    },
    {
      "id":8,
      "img":"a_7.png",
      "title":"微信支付",
      "subtitle":"获取鼓励通知",
      "time":"16:57"
    },
    {
      "id":9,
      "img":"a_7.png",
      "title":"微信支付",
      "subtitle":"获取鼓励通知",
      "time":"16:57"
    },
    {
      "id":10,
      "img":"a_7.png",
      "title":"微信支付",
      "subtitle":"获取鼓励通知",
      "time":"16:57"
    },
    {
      "id":11,
      "img":"a_7.png",
      "title":"微信支付",
      "subtitle":"获取鼓励通知",
      "time":"16:57"
    },
    {
      "id":12,
      "img":"a_7.png",
      "title":"微信支付",
      "subtitle":"获取鼓励通知",
      "time":"16:57"
    },
    {
      "id":13,
      "img":"a_7.png",
      "title":"微信支付",
      "subtitle":"获取鼓励通知",
      "time":"16:57"
    },
    {
      "id":14,
      "img":"a_7.png",
      "title":"微信支付",
      "subtitle":"获取鼓励通知",
      "time":"16:57"
    },
    {
      "id":15,
      "img":"a_7.png",
      "title":"微信支付",
      "subtitle":"获取鼓励通知",
      "time":"16:57"
    }

  ]
}
